Difficulty,Solve Time secs,Solve Time secs,Average Solve Time,Not Givens,Average Solve Time Per Cell to Solve,Puzzle String,Solution String,Sudoku Coach Difficulty,Sudoku Coach Techniques (just list hardest),
-33820,96,76,86,60,1.433333333,798043160421690378635078902510967804070050631864321507009500713080410256050732489,798243165421695378635178942513967824972854631864321597249586713387419256156732489,very easy,3 hidden single box,
-33820,91,79,85,60,1.416666667,826147035179308040435926170602803000590710062701062493354201689008439517010685320,826147935179358246435926178642893751593714862781562493354271689268439517917685324,,,
-33398,126,100,113,57,1.98245614,800567249900124068642300750006012570100050096080900132230485617761239485458601920,813567249975124368642398751396812574124753896587946132239485617761239485458671923,,,
-33398,93,72,82.5,57,1.447368421,102547006943602000076913028060008070007495681819720043750804300390271865628359714,182547936943682157576913428465138279237495681819726543751864392394271865628359714,,,
-30906,82,93,87.5,56,1.5625,005120489302450106100700030097801600003007810418536097076082041821374965934615728,765123489382459176149768532297841653653297814418536297576982341821374965934615728,,,
-20963,272,203,237.5,44,5.397727273,340587000500062000600300000007600148006074520485900300750200034060030915893415762,342587691579162483618349257927653148136874529485921376751296834264738915893415762,very easy,18 hidden single box,
-20963,213,198,205.5,44,4.670454545,059000020008692050127048639501030060763059008042176000900420300080905001216083000,659317824438692157127548639591834762763259418842176593975421386384965271216783945,very easy,,
-14226,223,243,233,42,5.547619048,084060729927050060310972450000020093093080007045007610408010036079005000002840005,584163729927458361316972458761524893293681547845397612458719236679235184132846975,easy,,
-13277,296,226,261,42,6.214285714,400032000070195284208406000004000603007624105000357400842500937100749802069000000,491832756673195284258476319524918673387624195916357428842561937135749862769283541,easy,,
-12329,222,254,238,42,5.666666667,940863000200010090000020306782000004436000018109400273801050000620008051375241609,947863125263514897518729346782135964436972518159486273891657432624398751375241689,Easy,20 Hidden single box,
-7587,329,368,348.5,42,8.297619048,081037594759081030364200817005870029007950183908160000800000050000000300000008971,281637594759481236364295817415873629627954183938162745893716452172549368546328971,Moderate,20 hidden single box,
-7587,275,247,261,42,6.214285714,000492156510860740400050020070000010001000070050010892000070004720506981193248567,837492156512863749469157328978625413241389675356714892685971234724536981193248567,Moderately easy,20 hidden single box,
-2862,806,690,748,25,29.92,000041903700080060080600001230000000000005074000000200060050030001006000027003009,652741983713589462489632751235497816896125374174368295968254137341976528527813649,Moderate,3 hidden single line,
-2862,624,517,570.5,25,22.82,009080260200000000600950073108075000003010005004000900010004020000300000005000030,459783261237146859681952473198675342723419685564238917316594728872361594945827136,,,
